First Name,Last Name,Email,Phone,Date of Birth
Kayla,Nguyen,KaylaNguyen.ad0998@yopmail.com,(555) 200-1998,02/18/2000
Elizabeth,Hill,ElizabethHill.ad0999@yopmail.com,(555) 200-1999,03/19/1995
Madison,Flores,MadisonFlores.ad1000@yopmail.com,(555) 200-2000,04/20/2007
Victoria,Evans,VictoriaEvans.ad1001@yopmail.com,+1 (372) 731-6079,11/17/1989
Amelia,Bell,AmeliaBell.ad1002@yopmail.com,781.977.5806,04/05/1985
Megan,King,MeganKing.ad1003@yopmail.com,(398)595-8269,09/26/1987
Madison,Bell,MadisonBell.ad1004@yopmail.com,(384)408-4111,11/11/2007
Hannah,Rodriguez,HannahRodriguez.ad1005@yopmail.com,(235)721-5526,10/26/1993
Steven,Edwards,StevenEdwards.ad1006@yopmail.com,(921) 444-4695,07/29/1974
Madison,King,MadisonKing.ad1007@yopmail.com,1-518-629-2472,11/06/1996
Kayla,White,KaylaWhite.ad1008@yopmail.com,282-759-4198,12/05/2006
Hannah,Allen,HannahAllen.ad1009@yopmail.com,(414)976-7076,08/23/1978
Jonathan,Johnson,JonathanJohnson.ad1010@yopmail.com,(314) 913.1547,11/29/1978
Charlotte,Bailey,CharlotteBailey.ad1011@yopmail.com,(578) 626.9361,03/16/1988
Alexis,Lewis,AlexisLewis.ad1012@yopmail.com,(592) 749.1743,03/09/1971
Nicholas,Ramirez,NicholasRamirez.ad1013@yopmail.com,1-297-326-2610,07/03/1980
Justin,Jackson,JustinJackson.ad1014@yopmail.com,1-329-852-3029,09/04/1996
Jonathan,Johnson,JonathanJohnson.ad1015@yopmail.com,318.408.8522,07/30/1990
Steven,Garcia,StevenGarcia.ad1016@yopmail.com,(493) 591-9332,03/15/1974
Kenneth,Sanchez,KennethSanchez.ad1017@yopmail.com,(808) 479-4451,12/17/2010
David,Scott,DavidScott.ad1018@yopmail.com,1-788-950-8438,10/26/1996
Michael,Howard,MichaelHoward.ad1019@yopmail.com,+1 (628) 807-2955,12/29/1997
Taylor,Martin,TaylorMartin.ad1020@yopmail.com,(963)824-2418,08/13/2003
Emma,Flores,EmmaFlores.ad1021@yopmail.com,(488)312-1419,06/07/1997
Christopher,Lewis,ChristopherLewis.ad1022@yopmail.com,895-904-3914,03/31/1991
Elizabeth,Bell,ElizabethBell.ad1023@yopmail.com,431-960-1743,03/28/1978
Brittany,Collins,BrittanyCollins.ad1024@yopmail.com,+1 (284) 632-9370,08/27/1975
Jessica,Howard,JessicaHoward.ad1025@yopmail.com,(916) 219-1589,11/01/1993
Emily,Young,EmilyYoung.ad1026@yopmail.com,(668) 738-8762,04/28/1998
Kevin,Howard,KevinHoward.ad1027@yopmail.com,(905) 867.7438,09/13/1991
Andrew,White,AndrewWhite.ad1028@yopmail.com,(352) 610.3464,08/09/1990
Daniel,Thompson,DanielThompson.ad1029@yopmail.com,1-997-671-1081,10/31/2010
Lauren,Murphy,LaurenMurphy.ad1030@yopmail.com,652.925.5145,07/23/1980
Nicole,Bailey,NicoleBailey.ad1031@yopmail.com,325-591-2292,08/28/1980
Victoria,Thompson,VictoriaThompson.ad1032@yopmail.com,614-340-7092,08/25/1974
Brian,Parker,BrianParker.ad1033@yopmail.com,1-549-842-5612,03/26/1970
Daniel,Evans,DanielEvans.ad1034@yopmail.com,1-201-762-3087,10/25/1981
Christopher,Edwards,ChristopherEdwards.ad1035@yopmail.com,(597)378-9588,06/02/2001
Jacob,Rodriguez,JacobRodriguez.ad1036@yopmail.com,209.494.9371,02/14/2006
Lauren,Davis,LaurenDavis.ad1037@yopmail.com,621-696-5157,07/04/1975
Kayla,Cook,KaylaCook.ad1038@yopmail.com,(229)205-7821,03/19/1985
Paul,Torres,PaulTorres.ad1039@yopmail.com,+1 (682) 739-9768,03/14/1970
Brian,Allen,BrianAllen.ad1040@yopmail.com,309.905.4808,02/15/1994
Brandon,Cook,BrandonCook.ad1041@yopmail.com,1-937-550-7621,10/22/1979
Alexis,Reed,AlexisReed.ad1042@yopmail.com,910-835-7940,02/18/2007
Charlotte,Jones,CharlotteJones.ad1043@yopmail.com,1-663-905-5072,04/13/1972
Charlotte,Murphy,CharlotteMurphy.ad1044@yopmail.com,(620) 860-3649,10/27/1981
Ashley,Clark,AshleyClark.ad1045@yopmail.com,530.683.3391,04/27/2004
Megan,Allen,MeganAllen.ad1046@yopmail.com,379.255.7101,09/05/1992
Kenneth,Richardson,KennethRichardson.ad1047@yopmail.com,882.854.6058,08/26/1980
Madison,Clark,MadisonClark.ad1048@yopmail.com,(530)643-8089,08/23/2008
Alyssa,Garcia,AlyssaGarcia.ad1049@yopmail.com,+1 (988) 911-7881,07/22/1982
Mia,Brown,MiaBrown.ad1050@yopmail.com,1-465-692-6907,12/06/1970
Taylor,Allen,TaylorAllen.ad1051@yopmail.com,+1 (224) 643-2817,09/14/1980
Rachel,Young,RachelYoung.ad1052@yopmail.com,450.225.3201,10/02/1970
Adam,Sanchez,AdamSanchez.ad1053@yopmail.com,1-252-359-2717,09/07/1981
Isabella,Perez,IsabellaPerez.ad1054@yopmail.com,1-684-241-6987,02/11/1999
Kayla,Allen,KaylaAllen.ad1055@yopmail.com,+1 (210) 220-6884,08/30/2004
Emily,Smith,EmilySmith.ad1056@yopmail.com,307-675-2501,08/23/2003
Paul,Rivera,PaulRivera.ad1057@yopmail.com,1-482-639-9097,07/16/1973
Nathan,Martin,NathanMartin.ad1058@yopmail.com,(936) 961.8358,07/07/2007
Sophia,Nguyen,SophiaNguyen.ad1059@yopmail.com,933-652-2411,01/20/1972
William,Jackson,WilliamJackson.ad1060@yopmail.com,(464) 668.4777,08/07/1991
Alexis,Parker,AlexisParker.ad1061@yopmail.com,+1 (676) 981-7305,08/31/1991
Isabella,Richardson,IsabellaRichardson.ad1062@yopmail.com,(338)925-6210,01/20/1991
Jonathan,Cooper,JonathanCooper.ad1063@yopmail.com,+1 (439) 206-1341,01/12/1988
Brian,Edwards,BrianEdwards.ad1064@yopmail.com,+1 (829) 410-4616,04/23/1996
Isabella,Campbell,IsabellaCampbell.ad1065@yopmail.com,749-971-7922,04/27/1995
Abigail,Reed,AbigailReed.ad1066@yopmail.com,(240) 455-2694,05/24/1978
Ashley,White,AshleyWhite.ad1067@yopmail.com,(745)441-5766,01/01/2009
Kenneth,King,KennethKing.ad1068@yopmail.com,863.551.2697,01/05/1987
Steven,Flores,StevenFlores.ad1069@yopmail.com,(675) 974-5346,11/16/1971
Megan,Cox,MeganCox.ad1070@yopmail.com,563.972.6509,05/10/2009
Steven,Clark,StevenClark.ad1071@yopmail.com,+1 (760) 663-9862,03/21/1979
Kayla,Taylor,KaylaTaylor.ad1072@yopmail.com,1-937-409-2459,05/25/1973
Alexis,Flores,AlexisFlores.ad1073@yopmail.com,(456)749-8512,10/18/2010
Joshua,Cox,JoshuaCox.ad1074@yopmail.com,(361) 331-8292,01/31/1985
Kayla,Hernandez,KaylaHernandez.ad1075@yopmail.com,(725) 838-1008,06/13/1976
Amelia,Lewis,AmeliaLewis.ad1076@yopmail.com,915-240-5442,02/16/2007
Isabella,Collins,IsabellaCollins.ad1077@yopmail.com,(469) 538.2637,09/27/2004
Steven,Wright,StevenWright.ad1078@yopmail.com,+1 (596) 873-4405,02/26/1994
Brandon,Wilson,BrandonWilson.ad1079@yopmail.com,(786) 274.5928,11/25/1971
William,Edwards,WilliamEdwards.ad1080@yopmail.com,(316)758-2691,04/18/1981
Evelyn,Reed,EvelynReed.ad1081@yopmail.com,559-300-7754,10/22/1990
Sophia,Morgan,SophiaMorgan.ad1082@yopmail.com,(276)381-6390,03/30/1985
Taylor,Thompson,TaylorThompson.ad1083@yopmail.com,1-249-647-4447,06/01/2003
Ashley,Scott,AshleyScott.ad1084@yopmail.com,1-210-600-6219,10/24/1970
David,Bell,DavidBell.ad1085@yopmail.com,713.306.3147,10/21/2001
Robert,Bell,RobertBell.ad1086@yopmail.com,(887) 469.2708,01/02/1999
Nicholas,Thomas,NicholasThomas.ad1087@yopmail.com,640.521.7391,12/04/1984
Robert,Thomas,RobertThomas.ad1088@yopmail.com,379-647-9051,06/19/1978
Nathan,Collins,NathanCollins.ad1089@yopmail.com,(941)589-4023,10/05/1980
Robert,Reed,RobertReed.ad1090@yopmail.com,1-360-598-4005,09/27/1977
Samantha,Allen,SamanthaAllen.ad1091@yopmail.com,+1 (652) 640-9766,05/27/1995
Isabella,Sanchez,IsabellaSanchez.ad1092@yopmail.com,450.457.9630,05/18/2006
Joshua,Lee,JoshuaLee.ad1093@yopmail.com,1-403-654-5919,10/24/1991
Abigail,Moore,AbigailMoore.ad1094@yopmail.com,+1 (613) 257-7733,04/03/1971
William,Hill,WilliamHill.ad1095@yopmail.com,(516) 737-7734,02/11/2009
Kevin,Johnson,KevinJohnson.ad1096@yopmail.com,662.530.9958,01/14/1975
James,Sanchez,JamesSanchez.ad1097@yopmail.com,351-310-1432,03/03/1980
Lauren,Miller,LaurenMiller.ad1098@yopmail.com,405.462.3836,04/07/2006
Mark,Sanchez,MarkSanchez.ad1099@yopmail.com,(431) 356.8540,09/09/1993
Amelia,Bailey,AmeliaBailey.ad1100@yopmail.com,+1 (636) 411-9513,12/10/1980
Andrew,Cooper,AndrewCooper.ad1101@yopmail.com,(311) 366-8361,04/24/1991
Jessica,Perez,JessicaPerez.ad1102@yopmail.com,(960) 373.8132,04/28/1978
Sarah,Parker,SarahParker.ad1103@yopmail.com,(806) 979-1691,12/11/2006
Kevin,Harris,KevinHarris.ad1104@yopmail.com,707-973-5656,10/17/1996
Jennifer,Sanchez,JenniferSanchez.ad1105@yopmail.com,856.496.3795,07/09/1977
James,Stewart,JamesStewart.ad1106@yopmail.com,669.641.5153,10/04/1998
Alyssa,Rivera,AlyssaRivera.ad1107@yopmail.com,734-537-6676,08/20/2002
Anthony,Morgan,AnthonyMorgan.ad1108@yopmail.com,(590)574-3104,07/06/1973
Amelia,Wright,AmeliaWright.ad1109@yopmail.com,(255)219-7773,06/06/1988
Lauren,Howard,LaurenHoward.ad1110@yopmail.com,(800)272-9051,02/26/1988
Matthew,Hill,MatthewHill.ad1111@yopmail.com,(661) 618.5781,01/11/2010
Madison,Young,MadisonYoung.ad1112@yopmail.com,566.333.5348,01/10/1973
Matthew,Lewis,MatthewLewis.ad1113@yopmail.com,(658)253-8216,03/11/1980
Lauren,Collins,LaurenCollins.ad1114@yopmail.com,+1 (796) 451-8041,11/03/2004
Megan,White,MeganWhite.ad1115@yopmail.com,(210) 266.5676,05/16/2004
Madison,Smith,MadisonSmith.ad1116@yopmail.com,651-843-3467,08/21/2003
Amelia,Lee,AmeliaLee.ad1117@yopmail.com,(414) 225-4416,03/06/1999
Robert,Garcia,RobertGarcia.ad1118@yopmail.com,+1 (584) 332-5266,02/08/1974
Charlotte,Murphy,CharlotteMurphy.ad1119@yopmail.com,971.745.7907,09/21/2007
Kenneth,Robinson,KennethRobinson.ad1120@yopmail.com,740-357-2800,04/10/1993
Amanda,Cox,AmandaCox.ad1121@yopmail.com,+1 (798) 876-3356,04/27/1996
Lauren,Miller,LaurenMiller.ad1122@yopmail.com,(674) 579.9424,11/30/1991
Ashley,Jones,AshleyJones.ad1123@yopmail.com,(407) 705-5996,07/27/1978
Taylor,Richardson,TaylorRichardson.ad1124@yopmail.com,763.988.5217,07/19/2001
Elizabeth,Rodriguez,ElizabethRodriguez.ad1125@yopmail.com,1-422-371-3714,10/28/1995
Mark,King,MarkKing.ad1126@yopmail.com,1-772-792-8348,03/01/1998
Ryan,Sanchez,RyanSanchez.ad1127@yopmail.com,(376) 933-8395,10/12/1998
James,Johnson,JamesJohnson.ad1128@yopmail.com,+1 (407) 655-8330,01/31/1987
Amelia,Sanchez,AmeliaSanchez.ad1129@yopmail.com,(840)743-5018,10/13/2004
Samantha,Gonzalez,SamanthaGonzalez.ad1130@yopmail.com,685-844-9971,07/14/1975
Jason,Garcia,JasonGarcia.ad1131@yopmail.com,(381) 456.5912,12/11/1972
Amanda,Campbell,AmandaCampbell.ad1132@yopmail.com,+1 (517) 472-9519,04/04/1970
Abigail,Thomas,AbigailThomas.ad1133@yopmail.com,(797) 605.9072,01/18/1994
Kayla,White,KaylaWhite.ad1134@yopmail.com,+1 (379) 363-1028,10/14/1998
Kenneth,Thomas,KennethThomas.ad1135@yopmail.com,(222)931-1222,03/15/1981
Nathan,Lopez,NathanLopez.ad1136@yopmail.com,359-735-1614,07/17/1985
Lauren,Rogers,LaurenRogers.ad1137@yopmail.com,(266)494-4321,03/19/1989
Nicole,Scott,NicoleScott.ad1138@yopmail.com,200-515-4637,04/13/1998
Christopher,Moore,ChristopherMoore.ad1139@yopmail.com,1-796-954-3944,05/02/2003
Joshua,Nguyen,JoshuaNguyen.ad1140@yopmail.com,984.411.2082,01/07/1994
Abigail,Williams,AbigailWilliams.ad1141@yopmail.com,542.445.3391,12/03/1986
Rachel,Cooper,RachelCooper.ad1142@yopmail.com,257-580-7010,07/04/1978
Taylor,Miller,TaylorMiller.ad1143@yopmail.com,(475)430-3948,08/17/1989
David,Perez,DavidPerez.ad1144@yopmail.com,(659) 322.2063,04/28/1992
Emily,Davis,EmilyDavis.ad1145@yopmail.com,771.501.1508,11/18/2006
Nicholas,Morris,NicholasMorris.ad1146@yopmail.com,896-864-1283,05/10/1978
Michael,Wright,MichaelWright.ad1147@yopmail.com,1-454-718-6156,05/06/2010
Isabella,Jones,IsabellaJones.ad1148@yopmail.com,(206)384-7324,02/14/1972
Thomas,Perez,ThomasPerez.ad1149@yopmail.com,806.200.4606,04/19/1971
Anthony,Perez,AnthonyPerez.ad1150@yopmail.com,(558) 557.8361,08/15/1993
Hannah,Rogers,HannahRogers.ad1151@yopmail.com,331.450.8832,12/15/2006
Nicholas,Bell,NicholasBell.ad1152@yopmail.com,(329) 376-4234,09/27/2008
Sarah,Bailey,SarahBailey.ad1153@yopmail.com,(990) 670.4530,03/21/1993
Eric,Martin,EricMartin.ad1154@yopmail.com,(967) 606.2553,12/10/1972
Charlotte,Perez,CharlottePerez.ad1155@yopmail.com,(915)955-7185,09/29/1997
Joshua,Williams,JoshuaWilliams.ad1156@yopmail.com,(864) 502.9726,11/24/1984
Nathan,Jackson,NathanJackson.ad1157@yopmail.com,1-996-635-1036,03/28/1994
Ryan,King,RyanKing.ad1158@yopmail.com,522.798.5491,07/21/1974
Kayla,Martinez,KaylaMartinez.ad1159@yopmail.com,1-568-888-1643,07/22/1979
Eric,Lewis,EricLewis.ad1160@yopmail.com,(549) 636-4354,04/05/1985
Abigail,Cox,AbigailCox.ad1161@yopmail.com,+1 (229) 486-2881,05/02/1978
Nicholas,Torres,NicholasTorres.ad1162@yopmail.com,(320)895-9513,06/28/1977
Brian,Sanchez,BrianSanchez.ad1163@yopmail.com,(475)597-3279,12/18/1972
Jason,Ramirez,JasonRamirez.ad1164@yopmail.com,(361) 457.6086,03/29/2003
Rachel,Williams,RachelWilliams.ad1165@yopmail.com,381-880-7691,04/17/2002
Thomas,Perez,ThomasPerez.ad1166@yopmail.com,590.431.6222,11/05/1974
Sophia,Anderson,SophiaAnderson.ad1167@yopmail.com,1-211-964-2277,07/04/2004
Justin,Taylor,JustinTaylor.ad1168@yopmail.com,+1 (388) 270-3303,09/02/1975
David,Evans,DavidEvans.ad1169@yopmail.com,(338) 997-3857,02/20/1997
Nicholas,Martinez,NicholasMartinez.ad1170@yopmail.com,+1 (901) 696-9937,10/11/1987
Jonathan,Williams,JonathanWilliams.ad1171@yopmail.com,(875) 513.3271,09/11/1970
John,Edwards,JohnEdwards.ad1172@yopmail.com,(910)302-6678,11/04/2004
Christopher,Rodriguez,ChristopherRodriguez.ad1173@yopmail.com,(996)265-2431,02/20/1989
Thomas,Howard,ThomasHoward.ad1174@yopmail.com,348.568.4640,09/13/1984
Jennifer,Cooper,JenniferCooper.ad1175@yopmail.com,410-695-5365,02/22/1987
Sarah,Ramirez,SarahRamirez.ad1176@yopmail.com,375-243-4450,03/18/1990
William,Cook,WilliamCook.ad1177@yopmail.com,(578)534-2651,08/05/1988
Amelia,Scott,AmeliaScott.ad1178@yopmail.com,+1 (920) 751-6168,07/13/2000
Joshua,Thomas,JoshuaThomas.ad1179@yopmail.com,+1 (591) 454-4581,09/16/2003
Nathan,Bell,NathanBell.ad1180@yopmail.com,(543) 883-3746,10/31/1990
Amelia,Brown,AmeliaBrown.ad1181@yopmail.com,349-871-8919,06/14/1979
Isabella,Walker,IsabellaWalker.ad1182@yopmail.com,1-588-740-8793,10/18/2009
Nathan,Torres,NathanTorres.ad1183@yopmail.com,949-688-7580,08/17/1983
Nicholas,Parker,NicholasParker.ad1184@yopmail.com,1-718-922-7824,07/02/2004
Eric,Martin,EricMartin.ad1185@yopmail.com,(833) 346-5331,05/20/1991
Tyler,Flores,TylerFlores.ad1186@yopmail.com,(369) 391-1547,07/12/1983
Megan,Sanchez,MeganSanchez.ad1187@yopmail.com,724.305.7166,03/22/1988
Jason,Richardson,JasonRichardson.ad1188@yopmail.com,(957)923-5222,08/05/2002
Matthew,Cox,MatthewCox.ad1189@yopmail.com,(835) 852.8471,09/10/2005
Sophia,Johnson,SophiaJohnson.ad1190@yopmail.com,821-537-4329,06/11/1988
Mia,Stewart,MiaStewart.ad1191@yopmail.com,1-319-917-7898,05/31/1972
Joshua,Robinson,JoshuaRobinson.ad1192@yopmail.com,(735)494-9369,07/26/1972
Ryan,Brown,RyanBrown.ad1193@yopmail.com,964.788.3613,05/27/1984
Mark,Rivera,MarkRivera.ad1194@yopmail.com,(377) 919-8487,09/02/1976
Andrew,Johnson,AndrewJohnson.ad1195@yopmail.com,(993) 388.5151,12/20/1994
Steven,Bailey,StevenBailey.ad1196@yopmail.com,+1 (751) 329-5211,03/22/1994
Sarah,Lewis,SarahLewis.ad1197@yopmail.com,+1 (725) 745-8574,07/28/1999
Amelia,Thomas,AmeliaThomas.ad1198@yopmail.com,+1 (646) 718-4974,12/11/1971
Jason,Thompson,JasonThompson.ad1199@yopmail.com,(369) 341-3880,02/10/1994
Charlotte,Moore,CharlotteMoore.ad1200@yopmail.com,(571)801-8536,07/25/1972
Lauren,Robinson,LaurenRobinson.ad1201@yopmail.com,+1 (701) 501-9322,12/06/2006
Brittany,Moore,BrittanyMoore.ad1202@yopmail.com,1-798-968-6681,02/24/2000
Steven,Perez,StevenPerez.ad1203@yopmail.com,1-462-874-5631,03/08/1978
Rachel,Rogers,RachelRogers.ad1204@yopmail.com,640.242.8404,03/31/1973
Emma,Reed,EmmaReed.ad1205@yopmail.com,1-688-587-7292,12/07/1972
Alyssa,Lee,AlyssaLee.ad1206@yopmail.com,1-215-915-9994,10/23/1998
Brittany,Anderson,BrittanyAnderson.ad1207@yopmail.com,+1 (216) 795-7116,05/23/1981
Tyler,Thompson,TylerThompson.ad1208@yopmail.com,+1 (281) 998-1096,07/13/1991
Andrew,Torres,AndrewTorres.ad1209@yopmail.com,(836) 687-4694,04/30/1993
Brandon,Martinez,BrandonMartinez.ad1210@yopmail.com,(277)617-1150,10/05/1978
Taylor,Lee,TaylorLee.ad1211@yopmail.com,861.916.9374,12/02/1974
Samantha,Taylor,SamanthaTaylor.ad1212@yopmail.com,(365) 491-2174,10/22/1996
Emma,Rivera,EmmaRivera.ad1213@yopmail.com,476-546-7863,06/09/2009
Jacob,Harris,JacobHarris.ad1214@yopmail.com,+1 (624) 770-4686,05/14/2006
Olivia,Williams,OliviaWilliams.ad1215@yopmail.com,(676)600-4591,07/28/2007
Brian,Jackson,BrianJackson.ad1216@yopmail.com,(404) 298.9964,07/01/1998
Steven,Richardson,StevenRichardson.ad1217@yopmail.com,300-928-9056,01/15/1993
Brian,Scott,BrianScott.ad1218@yopmail.com,715-466-4528,04/29/2008
Madison,Taylor,MadisonTaylor.ad1219@yopmail.com,+1 (226) 940-2332,05/10/1972
Victoria,Moore,VictoriaMoore.ad1220@yopmail.com,953.231.8592,09/06/1982
Brian,Collins,BrianCollins.ad1221@yopmail.com,(216) 467.3880,05/13/1980
Matthew,Bailey,MatthewBailey.ad1222@yopmail.com,(716) 303.5002,04/28/2010
Tyler,Stewart,TylerStewart.ad1223@yopmail.com,1-535-707-6881,01/23/1987
Taylor,Williams,TaylorWilliams.ad1224@yopmail.com,+1 (374) 817-8967,08/11/1988
Michael,Martinez,MichaelMartinez.ad1225@yopmail.com,(302)213-8664,01/16/1993
Emily,King,EmilyKing.ad1226@yopmail.com,(793) 741-2090,10/23/1975
Olivia,Bailey,OliviaBailey.ad1227@yopmail.com,(944) 979-2744,08/13/1986
Jonathan,Thompson,JonathanThompson.ad1228@yopmail.com,416.835.7104,08/07/2006
Mark,Wright,MarkWright.ad1229@yopmail.com,(761) 333-8097,12/17/2006
Mia,Flores,MiaFlores.ad1230@yopmail.com,(402) 536.3127,09/11/1991
Evelyn,Campbell,EvelynCampbell.ad1231@yopmail.com,+1 (599) 995-4323,06/01/1989
Ashley,Morgan,AshleyMorgan.ad1232@yopmail.com,(374)336-8343,05/05/1994
Evelyn,Gonzalez,EvelynGonzalez.ad1233@yopmail.com,674-423-8586,11/17/1972
Amelia,Martinez,AmeliaMartinez.ad1234@yopmail.com,416-648-9028,02/03/1973
Victoria,Thompson,VictoriaThompson.ad1235@yopmail.com,460.578.8812,08/11/2002
Brian,Sanchez,BrianSanchez.ad1236@yopmail.com,+1 (536) 800-7441,01/23/1979
Abigail,Jones,AbigailJones.ad1237@yopmail.com,984-348-2870,12/06/1991
Joshua,Lopez,JoshuaLopez.ad1238@yopmail.com,(374)323-4599,09/03/2000
Brittany,Garcia,BrittanyGarcia.ad1239@yopmail.com,(261)522-9130,06/10/1992
David,Flores,DavidFlores.ad1240@yopmail.com,(509) 472.8363,11/18/1983
Kayla,Sanchez,KaylaSanchez.ad1241@yopmail.com,(231) 918.1753,06/04/2007
Victoria,Collins,VictoriaCollins.ad1242@yopmail.com,+1 (730) 552-1885,07/02/2002
Tyler,Martin,TylerMartin.ad1243@yopmail.com,1-269-447-8802,04/28/1978
Mia,Howard,MiaHoward.ad1244@yopmail.com,+1 (652) 235-3135,12/22/1985
Ryan,Scott,RyanScott.ad1245@yopmail.com,361-800-1839,12/18/1989
Jason,Sanchez,JasonSanchez.ad1246@yopmail.com,(550) 663.4406,08/10/1979
Christopher,Stewart,ChristopherStewart.ad1247@yopmail.com,989.933.3641,08/11/1979
David,Collins,DavidCollins.ad1248@yopmail.com,1-903-328-2106,11/26/1995
Alyssa,Thomas,AlyssaThomas.ad1249@yopmail.com,609-902-2193,07/17/1972
Joshua,Allen,JoshuaAllen.ad1250@yopmail.com,(243) 654.4657,01/04/1979
Sophia,Rodriguez,SophiaRodriguez.ad1251@yopmail.com,1-616-269-7336,12/12/2001
Matthew,Young,MatthewYoung.ad1252@yopmail.com,(217) 595-4997,10/13/1991
Jason,Brown,JasonBrown.ad1253@yopmail.com,(534) 277.5124,03/21/2002
Taylor,Wilson,TaylorWilson.ad1254@yopmail.com,1-963-904-9708,08/27/1998
Anthony,Martin,AnthonyMartin.ad1255@yopmail.com,(996) 782.9108,07/28/1970
Tyler,White,TylerWhite.ad1256@yopmail.com,1-669-654-9664,12/23/1986
Samantha,Morris,SamanthaMorris.ad1257@yopmail.com,(586) 411.5262,05/31/1999
Lauren,Flores,LaurenFlores.ad1258@yopmail.com,(825) 746.6358,04/16/1974
Anthony,Wilson,AnthonyWilson.ad1259@yopmail.com,404.818.7072,04/14/1971
Victoria,Wilson,VictoriaWilson.ad1260@yopmail.com,387.366.5764,09/12/1999
Brittany,Young,BrittanyYoung.ad1261@yopmail.com,255-272-6512,05/05/1989
Emma,Cook,EmmaCook.ad1262@yopmail.com,(779)960-9534,03/10/1989
Taylor,Stewart,TaylorStewart.ad1263@yopmail.com,(539)249-5709,02/09/2009
Jacob,Wright,JacobWright.ad1264@yopmail.com,+1 (499) 642-1296,01/26/2009
Justin,Miller,JustinMiller.ad1265@yopmail.com,(213) 658.5508,05/04/2008
Tyler,Clark,TylerClark.ad1266@yopmail.com,(931) 640-9456,11/12/1999
Harper,Sanchez,HarperSanchez.ad1267@yopmail.com,(335)849-5240,05/03/1995
Sophia,Perez,SophiaPerez.ad1268@yopmail.com,(986)296-1492,02/06/2010
Sophia,Reed,SophiaReed.ad1269@yopmail.com,(219)290-1465,03/26/1986
Evelyn,Perez,EvelynPerez.ad1270@yopmail.com,(561) 935-4116,10/06/2007
Michael,Smith,MichaelSmith.ad1271@yopmail.com,(782)817-5091,07/18/1989
Nicholas,Bailey,NicholasBailey.ad1272@yopmail.com,(906) 216.8218,09/08/1989
Matthew,White,MatthewWhite.ad1273@yopmail.com,1-459-577-1892,02/11/2007
David,Nguyen,DavidNguyen.ad1274@yopmail.com,758-645-1704,03/08/1975
Kayla,Stewart,KaylaStewart.ad1275@yopmail.com,(228)727-6265,05/21/1984
William,Edwards,WilliamEdwards.ad1276@yopmail.com,(883) 615-7546,06/15/2001
Jessica,Jones,JessicaJones.ad1277@yopmail.com,(810)682-7378,06/24/2009
John,Lopez,JohnLopez.ad1278@yopmail.com,+1 (298) 826-5353,12/18/1975
Joshua,Williams,JoshuaWilliams.ad1279@yopmail.com,+1 (652) 405-3428,08/22/2005
Matthew,Nguyen,MatthewNguyen.ad1280@yopmail.com,+1 (493) 675-4583,01/18/2003
Harper,Hill,HarperHill.ad1281@yopmail.com,+1 (297) 254-3052,06/05/1979
Paul,Reed,PaulReed.ad1282@yopmail.com,318-716-9033,03/16/2008
Emily,Reed,EmilyReed.ad1283@yopmail.com,912.648.7578,12/27/2000
Amanda,Rodriguez,AmandaRodriguez.ad1284@yopmail.com,(611)347-6110,10/03/1979
Taylor,Stewart,TaylorStewart.ad1285@yopmail.com,1-472-919-2662,01/08/2005
Abigail,Rodriguez,AbigailRodriguez.ad1286@yopmail.com,(696) 403-6149,02/23/2007
Kayla,Lewis,KaylaLewis.ad1287@yopmail.com,(856) 926.4306,04/27/1996
Brian,Allen,BrianAllen.ad1288@yopmail.com,(797) 402.9666,01/10/1983
Samantha,Gonzalez,SamanthaGonzalez.ad1289@yopmail.com,981.558.4793,01/13/1988
Lauren,Parker,LaurenParker.ad1290@yopmail.com,962.859.6832,12/24/2006
Daniel,Richardson,DanielRichardson.ad1291@yopmail.com,915-793-6887,05/13/1989
Mia,Taylor,MiaTaylor.ad1292@yopmail.com,(792) 201-2946,10/22/2002
Emily,Allen,EmilyAllen.ad1293@yopmail.com,1-650-661-5452,07/12/1984
Ryan,Parker,RyanParker.ad1294@yopmail.com,(557) 222.3191,08/23/1992
Charlotte,Parker,CharlotteParker.ad1295@yopmail.com,+1 (386) 298-1691,08/10/1995
Mark,Wilson,MarkWilson.ad1296@yopmail.com,(361) 302-6281,10/24/1984
Elizabeth,Rivera,ElizabethRivera.ad1297@yopmail.com,278.621.9105,07/21/1985
Olivia,Murphy,OliviaMurphy.ad1298@yopmail.com,(578) 615.8348,09/15/1985
Emma,Garcia,EmmaGarcia.ad1299@yopmail.com,(495)802-6336,10/06/1976
William,Cook,WilliamCook.ad1300@yopmail.com,(267) 502-8399,01/02/1980
