First Name,Last Name,Email,Phone,Date of Birth
James,Anderson,JamesAnderson.p9001@yopmail.com,+1 (212) 345-9001,01/05/1980
Sarah,Mitchell,SarahMitchell.p9002@yopmail.com,+1 (213) 456-9002,02/06/1981
Michael,Roberts,MichaelRoberts.p9003@yopmail.com,+1 (214) 567-9003,03/07/1982
Emily,Thompson,EmilyThompson.p9004@yopmail.com,+1 (215) 678-9004,04/08/1983
David,Martinez,DavidMartinez.p9005@yopmail.com,+1 (216) 789-9005,05/09/1984
Jessica,Williams,JessicaWilliams.p9006@yopmail.com,+1 (217) 890-9006,06/10/1985
Christopher,Davis,ChristopherDavis.p9007@yopmail.com,+1 (218) 901-9007,07/11/1986
Amanda,Johnson,AmandaJohnson.p9008@yopmail.com,+1 (219) 012-9008,08/12/1987
Matthew,Brown,MatthewBrown.p9009@yopmail.com,+1 (220) 123-9009,09/13/1988
Ashley,Garcia,AshleyGarcia.p9010@yopmail.com,+1 (221) 234-9010,10/14/1989
Daniel,Miller,DanielMiller.p9011@yopmail.com,+1 (222) 345-9011,11/15/1990
Olivia,Lopez,OliviaLopez.p9012@yopmail.com,+1 (223) 456-9012,12/16/1991
Andrew,Gonzalez,AndrewGonzalez.p9013@yopmail.com,+1 (224) 567-9013,01/17/1979
Samantha,Wilson,SamanthaWilson.p9014@yopmail.com,+1 (225) 678-9014,02/18/1980
Joshua,Clark,JoshuaClark.p9015@yopmail.com,+1 (226) 789-9015,03/19/1981
Brittany,Lewis,BrittanyLewis.p9016@yopmail.com,+1 (227) 890-9016,04/20/1982
Brandon,Lee,BrandonLee.p9017@yopmail.com,+1 (228) 901-9017,05/21/1983
Taylor,Walker,TaylorWalker.p9018@yopmail.com,+1 (229) 012-9018,06/22/1984
Ryan,Hall,RyanHall.p9019@yopmail.com,+1 (310) 123-9019,07/23/1985
Rachel,Allen,RachelAllen.p9020@yopmail.com,+1 (312) 234-9020,08/24/1986
Nicholas,Young,NicholasYoung.p9021@yopmail.com,+1 (315) 345-9021,09/25/1987
Megan,Hernandez,MeganHernandez.p9022@yopmail.com,+1 (316) 456-9022,10/26/1988
Justin,King,JustinKing.p9023@yopmail.com,+1 (317) 567-9023,11/27/1989
Stephanie,Wright,StephanieWright.p9024@yopmail.com,+1 (318) 678-9024,12/28/1990
Benjamin,Lopez,BenjaminLopez.p9025@yopmail.com,+1 (319) 789-9025,01/29/1978
Lauren,Hill,LaurenHill.p9026@yopmail.com,+1 (320) 890-9026,02/01/1979
Alexander,Scott,AlexanderScott.p9027@yopmail.com,+1 (321) 901-9027,03/02/1980
Victoria,Green,VictoriaGreen.p9028@yopmail.com,+1 (323) 012-9028,04/03/1981
Jacob,Adams,JacobAdams.p9029@yopmail.com,+1 (325) 123-9029,05/04/1982
Hannah,Baker,HannahBaker.p9030@yopmail.com,+1 (327) 234-9030,06/05/1983
Tyler,Nelson,TylerNelson.p9031@yopmail.com,+1 (330) 345-9031,07/06/1984
Alexis,Carter,AlexisCarter.p9032@yopmail.com,+1 (331) 456-9032,08/07/1985
Zachary,Mitchell,ZacharyMitchell.p9033@yopmail.com,+1 (332) 567-9033,09/08/1986
Kayla,Perez,KaylaPerez.p9034@yopmail.com,+1 (334) 678-9034,10/09/1987
Ethan,Roberts,EthanRoberts.p9035@yopmail.com,+1 (336) 789-9035,11/10/1988
Amber,Turner,AmberTurner.p9036@yopmail.com,+1 (337) 890-9036,12/11/1989
Nathan,Phillips,NathanPhillips.p9037@yopmail.com,+1 (339) 901-9037,01/12/1990
Courtney,Campbell,CourtneyCampbell.p9038@yopmail.com,+1 (340) 012-9038,02/13/1977
Austin,Parker,AustinParker.p9039@yopmail.com,+1 (341) 123-9039,03/14/1978
Brianna,Evans,BriannaEvans.p9040@yopmail.com,+1 (343) 234-9040,04/15/1979
Eric,Edwards,EricEdwards.p9041@yopmail.com,+1 (344) 345-9041,05/16/1980
Katherine,Collins,KatherineCollins.p9042@yopmail.com,+1 (345) 456-9042,06/17/1981
Dylan,Stewart,DylanStewart.p9043@yopmail.com,+1 (346) 567-9043,07/18/1982
Victoria,Sanchez,VictoriaSanchez.p9044@yopmail.com,+1 (347) 678-9044,08/19/1983
Jordan,Morris,JordanMorris.p9045@yopmail.com,+1 (351) 789-9045,09/20/1984
Kristen,Rogers,KristenRogers.p9046@yopmail.com,+1 (352) 890-9046,10/21/1985
Adam,Reed,AdamReed.p9047@yopmail.com,+1 (353) 901-9047,11/22/1986
Taylor,Cook,TaylorCook.p9048@yopmail.com,+1 (354) 012-9048,12/23/1987
Jasmine,Morgan,JasmineMorgan.p9049@yopmail.com,+1 (355) 123-9049,01/24/1988
Aaron,Bell,AaronBell.p9050@yopmail.com,+1 (356) 234-9050,02/25/1989
Jordan,Murphy,JordanMurphy.p9051@yopmail.com,+1 (357) 345-9051,03/26/1990
Laura,Bailey,LauraBailey.p9052@yopmail.com,+1 (358) 456-9052,04/27/1976
Kyle,Rivera,KyleRivera.p9053@yopmail.com,+1 (359) 567-9053,05/28/1977
Erin,Cooper,ErinCooper.p9054@yopmail.com,+1 (360) 678-9054,06/29/1978
Kevin,Richardson,KevinRichardson.p9055@yopmail.com,+1 (361) 789-9055,07/30/1979
Maria,Cox,MariaCox.p9056@yopmail.com,+1 (362) 890-9056,08/01/1980
Sean,Howard,SeanHoward.p9057@yopmail.com,+1 (363) 901-9057,09/02/1981
Brooke,Ward,BrookeWard.p9058@yopmail.com,+1 (364) 012-9058,10/03/1982
Patrick,Torres,PatrickTorres.p9059@yopmail.com,+1 (365) 123-9059,11/04/1983
Kelsey,Peterson,KelseyPeterson.p9060@yopmail.com,+1 (366) 234-9060,12/05/1984
Cole,Gray,ColeGray.p9061@yopmail.com,+1 (367) 345-9061,01/06/1985
Natalie,Ramirez,NatalieRamirez.p9062@yopmail.com,+1 (368) 456-9062,02/07/1986
Trevor,James,TrevorJames.p9063@yopmail.com,+1 (369) 567-9063,03/08/1987
Haley,Watson,HaleyWatson.p9064@yopmail.com,+1 (401) 678-9064,04/09/1988
Shawn,Brooks,ShawnBrooks.p9065@yopmail.com,+1 (402) 789-9065,05/10/1989
Kaitlyn,Kelly,KaitlynKelly.p9066@yopmail.com,+1 (403) 890-9066,06/11/1990
Garrett,Sanders,GarrettSanders.p9067@yopmail.com,+1 (404) 901-9067,07/12/1975
Morgan,Price,MorganPrice.p9068@yopmail.com,+1 (405) 012-9068,08/13/1976
Jared,Bennett,JaredBennett.p9069@yopmail.com,+1 (406) 123-9069,09/14/1977
Sierra,Wood,SierraWood.p9070@yopmail.com,+1 (407) 234-9070,10/15/1978
Cody,Barnes,CodyBarnes.p9071@yopmail.com,+1 (408) 345-9071,11/16/1979
Alexa,Ross,AlexaRoss.p9072@yopmail.com,+1 (409) 456-9072,12/17/1980
Edward,Henderson,EdwardHenderson.p9073@yopmail.com,+1 (410) 567-9073,01/18/1981
Molly,Coleman,MollyColeman.p9074@yopmail.com,+1 (411) 678-9074,02/19/1982
Shane,Jenkins,ShaneJenkins.p9075@yopmail.com,+1 (412) 789-9075,03/20/1983
Kara,Perry,KaraPerry.p9076@yopmail.com,+1 (413) 890-9076,04/21/1984
Mitchell,Powell,MitchellPowell.p9077@yopmail.com,+1 (414) 901-9077,05/22/1985
Paige,Long,PaigeLong.p9078@yopmail.com,+1 (415) 012-9078,06/23/1986
Grant,Patterson,GrantPatterson.p9079@yopmail.com,+1 (416) 123-9079,07/24/1987
Cassandra,Hughes,CassandraHughes.p9080@yopmail.com,+1 (417) 234-9080,08/25/1988
Derek,Flores,DerekFlores.p9081@yopmail.com,+1 (418) 345-9081,09/26/1989
Bethany,Washington,BethanyWashington.p9082@yopmail.com,+1 (419) 456-9082,10/27/1990
Preston,Butler,PrestonButler.p9083@yopmail.com,+1 (420) 567-9083,11/28/1974
Kendra,Simmons,KendraSimmons.p9084@yopmail.com,+1 (421) 678-9084,12/29/1975
Owen,Foster,OwenFoster.p9085@yopmail.com,+1 (422) 789-9085,01/30/1976
Valerie,Gonzales,ValerieGonzales.p9086@yopmail.com,+1 (423) 890-9086,02/01/1977
Spencer,Bryant,SpencerBryant.p9087@yopmail.com,+1 (424) 901-9087,03/02/1978
Miranda,Alexander,MirandaAlexander.p9088@yopmail.com,+1 (425) 012-9088,04/03/1979
Wesley,Russell,WesleyRussell.p9089@yopmail.com,+1 (426) 123-9089,05/04/1980
Eva,Griffin,EvaGriffin.p9090@yopmail.com,+1 (427) 234-9090,06/05/1981
Colin,Diaz,ColinDiaz.p9091@yopmail.com,+1 (428) 345-9091,07/06/1982
Adriana,Hayes,AdrianaHayes.p9092@yopmail.com,+1 (429) 456-9092,08/07/1983
Parker,Myers,ParkerMyers.p9093@yopmail.com,+1 (430) 567-9093,09/08/1984
Allyson,Ford,AllysonFord.p9094@yopmail.com,+1 (431) 678-9094,10/09/1985
Travis,Hamilton,TravisHamilton.p9095@yopmail.com,+1 (432) 789-9095,11/10/1986
Jill,Graham,JillGraham.p9096@yopmail.com,+1 (433) 890-9096,12/11/1987
Ruben,Sullivan,RubenSullivan.p9097@yopmail.com,+1 (434) 901-9097,01/12/1988
Kylie,Wallace,KylieWallace.p9098@yopmail.com,+1 (435) 012-9098,02/13/1989
Dustin,Woods,DustinWoods.p9099@yopmail.com,+1 (436) 123-9099,03/14/1990
Bianca,Cole,BiancaCole.p9100@yopmail.com,+1 (437) 234-9100,04/15/1973
Logan,West,LoganWest.p9101@yopmail.com,+1 (438) 345-9101,05/16/1974
Jenna,Jordan,JennaJordan.p9102@yopmail.com,+1 (439) 456-9102,06/17/1975
Casey,Owens,CaseyOwens.p9103@yopmail.com,+1 (440) 567-9103,07/18/1976
Marco,Reynolds,MarcoReynolds.p9104@yopmail.com,+1 (441) 678-9104,08/19/1977
Kara,Fisher,KaraFisher.p9105@yopmail.com,+1 (442) 789-9105,09/20/1978
Nolan,Ellis,NolanEllis.p9106@yopmail.com,+1 (443) 890-9106,10/21/1979
Hope,Harrison,HopeHarrison.p9107@yopmail.com,+1 (444) 901-9107,11/22/1980
Darren,Gibson,DarrenGibson.p9108@yopmail.com,+1 (445) 012-9108,12/23/1981
Melanie,McDonald,MelanieMcDonald.p9109@yopmail.com,+1 (446) 123-9109,01/24/1982
Quentin,Cruz,QuentinCruz.p9110@yopmail.com,+1 (447) 234-9110,02/25/1983
Elise,Marshall,EliseMarshall.p9111@yopmail.com,+1 (448) 345-9111,03/26/1984
Troy,Ortiz,TroyOrtiz.p9112@yopmail.com,+1 (449) 456-9112,04/27/1985
Renee,Gomez,ReneeGomez.p9113@yopmail.com,+1 (450) 567-9113,05/28/1986
Caleb,Murray,CalebMurray.p9114@yopmail.com,+1 (451) 678-9114,06/29/1987
Marissa,Freeman,MarissaFreeman.p9115@yopmail.com,+1 (452) 789-9115,07/30/1988
Damian,Wells,DamianWells.p9116@yopmail.com,+1 (453) 890-9116,08/01/1989
Tessa,Shaw,TessaShaw.p9117@yopmail.com,+1 (454) 901-9117,09/02/1990
Grant,Holmes,GrantHolmes.p9118@yopmail.com,+1 (455) 012-9118,10/03/1972
April,Hunt,AprilHunt.p9119@yopmail.com,+1 (456) 123-9119,11/04/1973
Riley,Black,RileyBlack.p9120@yopmail.com,+1 (457) 234-9120,12/05/1974
Heidi,Daniels,HeidiDaniels.p9121@yopmail.com,+1 (458) 345-9121,01/06/1975
Avery,Palmer,AveryPalmer.p9122@yopmail.com,+1 (459) 456-9122,02/07/1976
Conner,Mills,ConnerMills.p9123@yopmail.com,+1 (460) 567-9123,03/08/1977
Taryn,Nichols,TarynNichols.p9124@yopmail.com,+1 (461) 678-9124,04/09/1978
Wade,Grant,WadeGrant.p9125@yopmail.com,+1 (462) 789-9125,05/10/1979
Irene,Knight,IreneKnight.p9126@yopmail.com,+1 (463) 890-9126,06/11/1980
Marshall,Ferguson,MarshallFerguson.p9127@yopmail.com,+1 (464) 901-9127,07/12/1981
Alicia,Rose,AliciaRose.p9128@yopmail.com,+1 (465) 012-9128,08/13/1982
Elliot,Stone,ElliotStone.p9129@yopmail.com,+1 (466) 123-9129,09/14/1983
Roxanne,Hawkins,RoxanneHawkins.p9130@yopmail.com,+1 (467) 234-9130,10/15/1984
Sterling,Hart,SterlingHart.p9131@yopmail.com,+1 (468) 345-9131,11/16/1985
Georgia,Arnold,GeorgiaArnold.p9132@yopmail.com,+1 (469) 456-9132,12/17/1986
Declan,Stephens,DeclanStephens.p9133@yopmail.com,+1 (470) 567-9133,01/18/1987
Lena,Payne,LenaPayne.p9134@yopmail.com,+1 (471) 678-9134,02/19/1988
Reed,Pierce,ReedPierce.p9135@yopmail.com,+1 (472) 789-9135,03/20/1989
Heath,Berry,HeathBerry.p9136@yopmail.com,+1 (473) 890-9136,04/21/1990
Noelle,Matthews,NoelleMatthews.p9137@yopmail.com,+1 (474) 901-9137,05/22/1971
Corbin,Arnold,CorbinArnold.p9138@yopmail.com,+1 (475) 012-9138,06/23/1972
Vivian,Becker,VivianBecker.p9139@yopmail.com,+1 (476) 123-9139,07/24/1973
Miles,Chambers,MilesChambers.p9140@yopmail.com,+1 (477) 234-9140,08/25/1974
Jocelyn,Drake,JocelynDrake.p9141@yopmail.com,+1 (478) 345-9141,09/26/1975
Porter,English,PorterEnglish.p9142@yopmail.com,+1 (479) 456-9142,10/27/1976
Nia,Franklin,NiaFranklin.p9143@yopmail.com,+1 (480) 567-9143,11/28/1977
Aiden,Garner,AidenGarner.p9144@yopmail.com,+1 (481) 678-9144,12/29/1978
Selena,Heath,SelenaHeath.p9145@yopmail.com,+1 (482) 789-9145,01/30/1979
Omar,Irwin,OmarIrwin.p9146@yopmail.com,+1 (483) 890-9146,02/01/1980
Liliana,Jacobs,LilianaJacobs.p9147@yopmail.com,+1 (484) 901-9147,03/02/1981
Devin,Kane,DevinKane.p9148@yopmail.com,+1 (485) 012-9148,04/03/1982
Noemi,Lamb,NoemiLamb.p9149@yopmail.com,+1 (486) 123-9149,05/04/1983
