First Name,Last Name,Email,Phone Number,Guardian Email Address,Country,Date Of Birth
Zara,Ahmed,zara.ahmed0001@yopmail.com,(212) 555-2001,nicole.thompson@yopmail.com,Canada,03/15/2010
Kai,Chen,kai.chen0002@yopmail.com,(310) 555-2002,nicole.thompson@yopmail.com,Australia,08/22/2011
Maya,Patel,maya.patel0003@yopmail.com,(312) 555-2003,nicole.thompson@yopmail.com,India,11/30/2009
Finn,O'Connor,finn.oconnor0004@yopmail.com,(404) 555-2004,nicole.thompson@yopmail.com,Ireland,06/12/2012
Aria,Singh,aria.singh0005@yopmail.com,(305) 555-2005,nicole.thompson@yopmail.com,United Kingdom,02/28/2010
Leo,Martinez,leo.martinez0006@yopmail.com,(214) 555-2006,nicole.thompson@yopmail.com,Spain,09/14/2011
Nova,Kim,nova.kim0007@yopmail.com,(713) 555-2007,nicole.thompson@yopmail.com,South Korea,04/07/2009
River,Johnson,river.johnson0008@yopmail.com,(206) 555-2008,nicole.thompson@yopmail.com,New Zealand,12/19/2012
Luna,Silva,luna.silva0009@yopmail.com,(415) 555-2009,nicole.thompson@yopmail.com,Brazil,07/25/2010
Phoenix,Al-Rashid,phoenix.alrashid0010@yopmail.com,(503) 555-2010,nicole.thompson@yopmail.com,United Arab Emirates,01/11/2011
Sage,Tanaka,sage.tanaka0011@yopmail.com,(602) 555-2011,nicole.thompson@yopmail.com,Japan,10/03/2009
Orion,Petrov,orion.petrov0012@yopmail.com,(303) 555-2012,nicole.thompson@yopmail.com,Russia,05/18/2012
Iris,Van Der Berg,iris.vanderberg0013@yopmail.com,(317) 555-2013,nicole.thompson@yopmail.com,Netherlands,03/29/2010
Atlas,Schmidt,atlas.schmidt0014@yopmail.com,(502) 555-2014,nicole.thompson@yopmail.com,Germany,11/08/2011
Willow,Andersson,willow.andersson0015@yopmail.com,(615) 555-2015,nicole.thompson@yopmail.com,Sweden,08/16/2009
Jasper,Moreau,jasper.moreau0016@yopmail.com,(504) 555-2016,nicole.thompson@yopmail.com,France,02/14/2012
Indigo,Rossi,indigo.rossi0017@yopmail.com,(318) 555-2017,nicole.thompson@yopmail.com,Italy,06/27/2010
Coral,Zhang,coral.zhang0018@yopmail.com,(601) 555-2018,nicole.thompson@yopmail.com,China,09/22/2011
Cedar,Olsen,cedar.olsen0019@yopmail.com,(205) 555-2019,nicole.thompson@yopmail.com,Norway,04/19/2009
Ocean,Petrovic,ocean.petrovic0020@yopmail.com,(334) 555-2020,nicole.thompson@yopmail.com,Serbia,12/05/2012
Storm,Ahmed,storm.ahmed0021@yopmail.com,(256) 555-2021,nicole.thompson@yopmail.com,Egypt,07/11/2010
Phoenix,Kim,phoenix.kim0022@yopmail.com,(251) 555-2022,nicole.thompson@yopmail.com,South Korea,01/23/2011
River,Silva,river.silva0023@yopmail.com,(352) 555-2023,nicole.thompson@yopmail.com,Brazil,10/30/2009
Luna,Patel,luna.patel0024@yopmail.com,(407) 555-2024,nicole.thompson@yopmail.com,India,05/08/2012
Sage,Chen,sage.chen0025@yopmail.com,(561) 555-2025,nicole.thompson@yopmail.com,China,03/17/2010
Atlas,Johnson,atlas.johnson0026@yopmail.com,(954) 555-2026,nicole.thompson@yopmail.com,Canada,08/14/2011
Iris,Martinez,iris.martinez0027@yopmail.com,(239) 555-2027,nicole.thompson@yopmail.com,Spain,11/26/2009
Orion,Schmidt,orion.schmidt0028@yopmail.com,(850) 555-2028,nicole.thompson@yopmail.com,Germany,02/09/2012
Willow,Andersson,willow.andersson0029@yopmail.com,(941) 555-2029,nicole.thompson@yopmail.com,Sweden,06/21/2010
Jasper,Moreau,jasper.moreau0030@yopmail.com,(904) 555-2030,nicole.thompson@yopmail.com,France,09/04/2011
Coral,Van Der Berg,coral.vanderberg0031@yopmail.com,(727) 555-2031,nicole.thompson@yopmail.com,Netherlands,04/13/2009
Cedar,Tanaka,cedar.tanaka0032@yopmail.com,(321) 555-2032,nicole.thompson@yopmail.com,Japan,12/28/2012
Ocean,Petrov,ocean.petrov0033@yopmail.com,(386) 555-2033,nicole.thompson@yopmail.com,Russia,07/19/2010
Storm,Ahmed,storm.ahmed0034@yopmail.com,(813) 555-2034,nicole.thompson@yopmail.com,Egypt,01/31/2011
Phoenix,Kim,phoenix.kim0035@yopmail.com,(863) 555-2035,nicole.thompson@yopmail.com,South Korea,10/16/2009
River,Silva,river.silva0036@yopmail.com,(772) 555-2036,nicole.thompson@yopmail.com,Brazil,05/24/2012
Luna,Patel,luna.patel0037@yopmail.com,(850) 555-2037,nicole.thompson@yopmail.com,India,03/07/2010
Sage,Chen,sage.chen0038@yopmail.com,(229) 555-2038,nicole.thompson@yopmail.com,China,08/29/2011
Atlas,Johnson,atlas.johnson0039@yopmail.com,(404) 555-2039,nicole.thompson@yopmail.com,Canada,11/12/2009
Iris,Martinez,iris.martinez0040@yopmail.com,(706) 555-2040,nicole.thompson@yopmail.com,Spain,02/18/2012
Orion,Schmidt,orion.schmidt0041@yopmail.com,(770) 555-2041,nicole.thompson@yopmail.com,Germany,06/06/2010
Willow,Andersson,willow.andersson0042@yopmail.com,(678) 555-2042,nicole.thompson@yopmail.com,Sweden,09/25/2011
Jasper,Moreau,jasper.moreau0043@yopmail.com,(912) 555-2043,nicole.thompson@yopmail.com,France,04/02/2009
Coral,Van Der Berg,coral.vanderberg0044@yopmail.com,(478) 555-2044,nicole.thompson@yopmail.com,Netherlands,12/14/2012
Cedar,Tanaka,cedar.tanaka0045@yopmail.com,(762) 555-2045,nicole.thompson@yopmail.com,Japan,07/08/2010
Ocean,Petrov,ocean.petrov0046@yopmail.com,(470) 555-2046,nicole.thompson@yopmail.com,Russia,01/20/2011
Storm,Ahmed,storm.ahmed0047@yopmail.com,(423) 555-2047,nicole.thompson@yopmail.com,Egypt,10/27/2009
Phoenix,Kim,phoenix.kim0048@yopmail.com,(865) 555-2048,nicole.thompson@yopmail.com,South Korea,05/15/2012
River,Silva,river.silva0049@yopmail.com,(931) 555-2049,nicole.thompson@yopmail.com,Brazil,03/03/2010
Luna,Patel,luna.patel0050@yopmail.com,(901) 555-2050,nicole.thompson@yopmail.com,India,08/11/2011